RoboticPalletizerID,RoboticArmID,RoboticArmStatus,RoboticArmPowerConsumption,RoboticArmOperatingSpeed,RoboticArmLoadCapacity,ConveyorBeltSpeed,LightCurtainResolution,LightCurtainRange,PalletTurnTableRotationSpeed,DoorLastAccessedTime,DoorStatus,PalletStretchMachineWrappingSpeed,PalletStretchMachineWrappingFilmRollStatus,PalletStretchMachineWrappingFilmUsage
DT-RP001,DT-RP001-RA-001,FALSE,29,4,0,0.024558291,0.0464009,0.867798416,1,10-04-2023 14:25,FALSE,11,FALSE,1.378497057
DT-RP002,DT-RP002-RA-002,TRUE,0,29,3,0.290612312,0.09094959,1.789048213,8,18-07-2023 08:47,TRUE,25,TRUE,4.127769635
DT-RP003,DT-RP003-RA-003,FALSE,29,18,0,0.040152785,0.048661775,0.661277444,0,26-02-2023 19:13,FALSE,9,FALSE,2.222590942
DT-RP004,DT-RP004-RA-004,TRUE,1,36,8,0.792190313,0.091358226,1.203834829,5,05-09-2023 11:56,TRUE,30,TRUE,4.118474414
DT-RP005,DT-RP005-RA-005,FALSE,30,17,1,0.075797411,0.057183285,0.100224174,1,14-05-2023 16:30,FALSE,10,FALSE,2.725112754
DT-RP006,DT-RP006-RA-006,TRUE,8,29,17,0.332667445,0.090202452,1.821604556,9,22-08-2023 07:14,TRUE,21,TRUE,4.38990211
DT-RP007,DT-RP007-RA-007,FALSE,30,10,0,0.023391918,0.032155966,0.486330297,0,11-01-2023 22:09,FALSE,12,FALSE,3.567100431
DT-RP008,DT-RP008-RA-008,TRUE,17,29,20,0.61530048,0.097994581,1.365499027,5,29-06-2023 10:03,TRUE,29,TRUE,4.312311199
DT-RP009,DT-RP009-RA-009,FALSE,29,11,0,0.064416078,0.069190597,0.319044055,1,07-03-2023 13:40,FALSE,14,FALSE,0.43749575
DT-RP010,DT-RP010-RA-010,TRUE,0,25,19,0.512352461,0.08496045,1.916261978,9,19-10-2023 05:28,TRUE,21,TRUE,4.130483388
DT-RP001,DT-RP001-RA-001,FALSE,29,1,0,0.081309115,0.003165546,0.54342074,1,10-04-2023 14:25,FALSE,16,FALSE,2.123061713
DT-RP002,DT-RP002-RA-002,TRUE,24,40,13,0.648947212,0.09494124,1.918480063,10,18-07-2023 08:47,TRUE,25,TRUE,4.343709815
DT-RP003,DT-RP003-RA-003,FALSE,30,20,0,0.07197067,0.043851609,0.810073269,0,26-02-2023 19:13,FALSE,9,FALSE,1.939206727
DT-RP004,DT-RP004-RA-004,TRUE,10,23,20,0.735225636,0.087138348,1.401047399,4,05-09-2023 11:56,TRUE,27,TRUE,4.367421294
DT-RP005,DT-RP005-RA-005,FALSE,30,1,0,0.0800666,0.008067669,0.781963928,1,14-05-2023 16:30,FALSE,4,FALSE,1.894730912
DT-RP006,DT-RP006-RA-006,TRUE,9,38,15,0.222185129,0.084707826,1.781418735,4,22-08-2023 07:14,TRUE,22,TRUE,4.006223837
DT-RP007,DT-RP007-RA-007,FALSE,30,6,1,0.087764677,0.02743009,0.514359824,1,11-01-2023 22:09,FALSE,11,FALSE,0.237644564
DT-RP008,DT-RP008-RA-008,TRUE,21,33,8,0.260068515,0.088435582,1.987842729,10,29-06-2023 10:03,TRUE,25,TRUE,4.255332586
DT-RP009,DT-RP009-RA-009,FALSE,27,2,0,0.074216729,0.048053139,0.292527996,1,07-03-2023 13:40,FALSE,13,FALSE,1.581260403
DT-RP010,DT-RP010-RA-010,TRUE,5,37,13,0.315320087,0.080874882,1.808561534,7,19-10-2023 05:28,TRUE,22,TRUE,4.417066862
DT-RP001,DT-RP001-RA-001,FALSE,26,3,0,0.098273753,0.057281124,0.826228022,0,10-04-2023 14:25,FALSE,12,FALSE,1.244104298
DT-RP002,DT-RP002-RA-002,TRUE,25,39,20,0.742124506,0.096305685,1.536425939,5,18-07-2023 08:47,TRUE,27,TRUE,4.31427646
DT-RP003,DT-RP003-RA-003,FALSE,27,13,1,0.027188638,0.022785763,0.96354879,0,26-02-2023 19:13,FALSE,16,FALSE,1.294198624
DT-RP004,DT-RP004-RA-004,TRUE,13,33,5,0.628705523,0.086845972,1.014359593,6,05-09-2023 11:56,TRUE,29,TRUE,4.197448788
DT-RP005,DT-RP005-RA-005,FALSE,29,16,0,0.020807539,0.01217104,0.033512809,0,14-05-2023 16:30,FALSE,13,FALSE,1.979177723
DT-RP006,DT-RP006-RA-006,TRUE,19,37,20,0.318823182,0.08909358,1.968868907,7,22-08-2023 07:14,TRUE,27,TRUE,4.06681856
DT-RP007,DT-RP007-RA-007,FALSE,27,4,0,0.067656715,0.05116562,0.459821479,1,04-10-2023 05:29,FALSE,0,FALSE,0.345171416
DT-RP008,DT-RP008-RA-008,TRUE,23,32,4,0.527056225,0.093193017,1.091761329,8,29-06-2023 10:03,TRUE,29,TRUE,4.087365439
DT-RP009,DT-RP009-RA-009,FALSE,30,5,1,0.072610232,0.021124147,0.163695891,0,07-03-2023 13:40,FALSE,17,FALSE,1.234003108
DT-RP010,DT-RP010-RA-010,TRUE,20,37,11,0.532411971,0.082994999,1.949160149,9,19-10-2023 05:28,TRUE,29,TRUE,4.324198906
DT-RP001,DT-RP001-RA-001,FALSE,29,0,0,0.011636776,0.04250287,0.597929251,0,10-04-2023 14:25,FALSE,7,FALSE,2.157635148
DT-RP002,DT-RP002-RA-002,TRUE,6,39,14,0.556458726,0.094853722,1.500026771,10,18-07-2023 08:47,TRUE,23,TRUE,4.088918967
DT-RP003,DT-RP003-RA-003,FALSE,26,16,0,0.047083398,0.050817022,0.589769349,0,26-02-2023 19:13,FALSE,17,FALSE,1.987616749
DT-RP004,DT-RP004-RA-004,TRUE,19,35,11,0.343450821,0.091042515,1.049089215,10,05-09-2023 11:56,TRUE,22,TRUE,4.253549222
DT-RP005,DT-RP005-RA-005,FALSE,30,16,1,0.020439223,0.033274758,0.260423346,1,14-05-2023 16:30,FALSE,4,FALSE,3.705145948
DT-RP006,DT-RP006-RA-006,TRUE,24,26,20,0.718654267,0.090607577,1.009789459,2,22-08-2023 07:14,TRUE,29,TRUE,4.336837567
DT-RP007,DT-RP007-RA-007,FALSE,28,19,0,0.055418568,0.061892986,0.37901539,0,04-10-2023 05:29,FALSE,16,FALSE,0.342412308
DT-RP008,DT-RP008-RA-008,TRUE,0,28,20,0.321133081,0.087073649,1.022294661,8,29-06-2023 10:03,TRUE,30,TRUE,4.121505617
DT-RP009,DT-RP009-RA-009,FALSE,26,12,1,0.085080155,0.003154374,0.383833669,1,07-03-2023 13:40,FALSE,3,FALSE,3.88640276
DT-RP010,DT-RP010-RA-010,TRUE,9,40,19,0.330416295,0.082812276,1.590975335,8,19-10-2023 05:28,TRUE,30,TRUE,4.318821693
DT-RP001,DT-RP001-RA-001,FALSE,26,2,0,0.089945406,0.069245551,0.645247149,0,10-04-2023 14:25,FALSE,8,FALSE,2.20452477
DT-RP002,DT-RP002-RA-002,TRUE,14,40,8,0.779467586,0.094688418,1.478415728,10,18-07-2023 08:47,TRUE,25,TRUE,4.06452002
DT-RP003,DT-RP003-RA-003,FALSE,27,7,1,0.055261091,0.027266917,0.402034335,1,26-02-2023 19:13,FALSE,18,FALSE,2.803018818
DT-RP004,DT-RP004-RA-004,TRUE,8,27,15,0.354837306,0.097589678,1.15616458,6,05-09-2023 11:56,TRUE,21,TRUE,4.327844235
DT-RP005,DT-RP005-RA-005,FALSE,29,16,0,0.062244991,0.01727452,0.353995023,1,14-05-2023 16:30,FALSE,15,FALSE,0.280122787
DT-RP006,DT-RP006-RA-006,TRUE,3,34,2,0.637089576,0.082941119,1.547887277,9,22-08-2023 07:14,TRUE,22,TRUE,4.476903205
DT-RP007,DT-RP007-RA-007,FALSE,29,13,0,0.089444435,0.017650794,0.587106982,0,11-01-2023 22:09,FALSE,1,FALSE,1.061613867
DT-RP008,DT-RP008-RA-008,TRUE,18,29,20,0.633174503,0.089969644,1.993993795,9,29-06-2023 10:03,TRUE,27,TRUE,4.022062535
DT-RP009,DT-RP009-RA-009,FALSE,30,10,1,0.050006589,0.027705498,0.271228053,0,07-03-2023 13:40,FALSE,3,FALSE,1.322585461
DT-RP010,DT-RP010-RA-010,TRUE,15,25,11,0.309441783,0.091649452,1.075460127,4,19-10-2023 05:28,TRUE,21,TRUE,4.060538765
DT-RP001,DT-RP001-RA-001,FALSE,28,4,0,0.003040453,0.056903792,0.509910935,0,10-04-2023 14:25,FALSE,3,FALSE,2.261579734
DT-RP002,DT-RP002-RA-002,TRUE,25,33,15,0.636079752,0.085285604,1.661523723,2,18-07-2023 08:47,TRUE,23,TRUE,4.083885925
DT-RP003,DT-RP003-RA-003,FALSE,30,14,0,0.037940707,0.037250331,0.816120605,0,26-02-2023 19:13,FALSE,14,FALSE,0.646835018
DT-RP004,DT-RP004-RA-004,TRUE,20,22,2,0.66102769,0.091398464,1.297640557,8,05-09-2023 11:56,TRUE,26,TRUE,4.014500047
DT-RP005,DT-RP005-RA-005,FALSE,30,2,0,0.002645565,0.069554174,0.796461788,1,14-05-2023 16:30,FALSE,6,FALSE,2.876197059
DT-RP006,DT-RP006-RA-006,TRUE,13,24,9,0.246301664,0.082173732,1.716902503,3,22-08-2023 07:14,TRUE,26,TRUE,4.405123504
DT-RP007,DT-RP007-RA-007,FALSE,26,14,0,0.035405836,0.031522793,0.045762326,1,04-10-2023 05:29,FALSE,16,FALSE,3.129022808
DT-RP008,DT-RP008-RA-008,TRUE,3,33,10,0.401875961,0.084845265,1.085871474,10,29-06-2023 10:03,TRUE,24,TRUE,4.362918341
DT-RP009,DT-RP009-RA-009,FALSE,30,10,1,0.085279928,0.010132882,0.233968751,1,07-03-2023 13:40,FALSE,12,FALSE,0.081106847
DT-RP010,DT-RP010-RA-010,TRUE,3,29,7,0.296328783,0.089534302,1.637364384,4,19-10-2023 05:28,TRUE,27,TRUE,4.421718989
DT-RP001,DT-RP001-RA-001,FALSE,26,0,0,0.051505775,0.016894309,0.550248719,1,10-04-2023 14:25,FALSE,17,FALSE,3.539000324
DT-RP002,DT-RP002-RA-002,TRUE,7,26,17,0.228295286,0.095040589,1.402135871,5,18-07-2023 08:47,TRUE,23,TRUE,4.257607872
DT-RP003,DT-RP003-RA-003,FALSE,27,16,1,0.061212755,0.068652492,0.242731358,0,26-02-2023 19:13,FALSE,19,FALSE,3.056764057
DT-RP004,DT-RP004-RA-004,TRUE,4,22,5,0.396590676,0.083100803,1.457253822,8,05-09-2023 11:56,TRUE,22,TRUE,4.166768419
DT-RP005,DT-RP005-RA-005,FALSE,26,0,1,0.012962269,0.051022636,0.690043373,0,14-05-2023 16:30,FALSE,10,FALSE,3.515235951
DT-RP006,DT-RP006-RA-006,TRUE,23,22,7,0.661594992,0.084829169,1.142822103,10,22-08-2023 07:14,TRUE,26,TRUE,4.043769304
DT-RP007,DT-RP007-RA-007,FALSE,29,10,0,0.094410951,0.009608639,0.662436798,1,04-10-2023 05:29,FALSE,12,FALSE,0.601824468
DT-RP008,DT-RP008-RA-008,TRUE,15,36,4,0.266295657,0.084476108,1.834342904,3,29-06-2023 10:03,TRUE,22,TRUE,4.446303584
DT-RP009,DT-RP009-RA-009,FALSE,29,5,1,0.010811098,0.046390995,0.227635644,0,07-03-2023 13:40,FALSE,10,FALSE,3.885127919
DT-RP010,DT-RP010-RA-010,TRUE,12,39,7,0.27228533,0.086898836,1.743662804,3,19-10-2023 05:28,TRUE,26,TRUE,4.043377031
DT-RP001,DT-RP001-RA-001,FALSE,28,15,0,0.003666452,0.011768323,0.74136858,1,10-04-2023 14:25,FALSE,16,FALSE,3.459452556
DT-RP002,DT-RP002-RA-002,TRUE,11,26,4,0.523643856,0.09582623,1.585488186,9,18-07-2023 08:47,TRUE,29,TRUE,4.283627418
DT-RP003,DT-RP003-RA-003,FALSE,29,20,1,0.025563095,0.06685903,0.186507898,0,26-02-2023 19:13,FALSE,11,FALSE,1.827027387
DT-RP004,DT-RP004-RA-004,TRUE,2,24,18,0.324960473,0.097035467,1.182834464,8,05-09-2023 11:56,TRUE,28,TRUE,4.075325252
DT-RP005,DT-RP005-RA-005,FALSE,28,17,0,0.014051265,0.036540978,0.890566854,1,14-05-2023 16:30,FALSE,10,FALSE,0.724277339
DT-RP006,DT-RP006-RA-006,TRUE,22,22,19,0.78256267,0.097754593,1.807456055,6,22-08-2023 07:14,TRUE,26,TRUE,4.496791137
DT-RP007,DT-RP007-RA-007,FALSE,26,8,1,0.044451407,0.000841834,0.161054423,1,11-01-2023 22:09,FALSE,7,FALSE,1.650598356
DT-RP008,DT-RP008-RA-008,TRUE,15,33,7,0.465003465,0.086911978,1.016447212,8,29-06-2023 10:03,TRUE,25,TRUE,4.424222167
DT-RP009,DT-RP009-RA-009,FALSE,29,7,0,0.017175403,0.044661693,0.659454634,1,07-03-2023 13:40,FALSE,8,FALSE,2.075797083
DT-RP010,DT-RP010-RA-010,TRUE,8,26,6,0.764876999,0.081358448,1.221497858,9,19-10-2023 05:28,TRUE,26,TRUE,4.41724288
DT-RP001,DT-RP001-RA-001,FALSE,27,4,0,0.073100928,0.055405193,0.758457837,0,10-04-2023 14:25,FALSE,9,FALSE,1.570027925
DT-RP002,DT-RP002-RA-002,TRUE,16,26,5,0.791350892,0.086520714,1.178413273,2,18-07-2023 08:47,TRUE,23,TRUE,4.075456249
DT-RP003,DT-RP003-RA-003,FALSE,29,16,0,0.083198616,0.028867021,0.636799628,1,26-02-2023 19:13,FALSE,2,FALSE,0.478119081
DT-RP004,DT-RP004-RA-004,TRUE,2,21,11,0.701313288,0.09718475,1.024680984,3,05-09-2023 11:56,TRUE,21,TRUE,4.090958717
DT-RP005,DT-RP005-RA-005,FALSE,28,11,1,0.018776042,0.04965023,0.634497496,0,14-05-2023 16:30,FALSE,0,FALSE,2.165329169
DT-RP006,DT-RP006-RA-006,TRUE,9,27,19,0.771239919,0.099406893,1.697903567,9,22-08-2023 07:14,TRUE,30,TRUE,4.252188907
DT-RP007,DT-RP007-RA-007,FALSE,28,19,0,0.04249214,0.037285896,0.322053156,0,04-10-2023 05:29,FALSE,4,FALSE,2.525880915
DT-RP008,DT-RP008-RA-008,TRUE,16,21,17,0.245889097,0.090228992,1.58409781,7,29-06-2023 10:03,TRUE,27,TRUE,4.406082483
DT-RP009,DT-RP009-RA-009,FALSE,29,10,1,0.053262514,0.047017608,0.50315489,0,07-03-2023 13:40,FALSE,9,FALSE,2.873684789
DT-RP010,DT-RP010-RA-010,TRUE,19,21,11,0.361611374,0.087027024,1.838518478,4,19-10-2023 05:28,TRUE,21,TRUE,4.268711406
DT-RP001,DT-RP001-RA-001,FALSE,30,7,0,0.024838481,0.004663096,0.159564667,1,10-04-2023 14:25,FALSE,13,FALSE,2.990181604
DT-RP002,DT-RP002-RA-002,TRUE,19,39,13,0.350516863,0.083930045,1.822658582,6,18-07-2023 08:47,TRUE,25,TRUE,4.194679101
DT-RP003,DT-RP003-RA-003,FALSE,26,11,1,0.038165237,0.002693752,0.423270435,1,26-02-2023 19:13,FALSE,3,FALSE,0.908882539
DT-RP004,DT-RP004-RA-004,TRUE,2,37,10,0.675553003,0.082373617,1.671937575,3,05-09-2023 11:56,TRUE,29,TRUE,4.243466722
DT-RP005,DT-RP005-RA-005,FALSE,26,14,1,0.047273696,0.006960767,0.38403549,1,14-05-2023 16:30,FALSE,8,FALSE,0.156681663
DT-RP006,DT-RP006-RA-006,TRUE,12,21,9,0.413539461,0.089193806,1.65309639,7,22-08-2023 07:14,TRUE,25,TRUE,4.254027077
DT-RP007,DT-RP007-RA-007,FALSE,27,20,1,0.002521216,0.032661659,0.465330375,0,04-10-2023 05:29,FALSE,0,FALSE,0.151450074
DT-RP008,DT-RP008-RA-008,TRUE,14,28,3,0.559780451,0.092949711,1.384614441,9,29-06-2023 10:03,TRUE,30,TRUE,4.498547907
DT-RP009,DT-RP009-RA-009,FALSE,30,19,0,0.042116709,0.069281175,0.792425218,1,07-03-2023 13:40,FALSE,4,FALSE,0.221927383
DT-RP010,DT-RP010-RA-010,TRUE,2,40,2,0.289986556,0.096062786,1.03986514,7,19-10-2023 05:28,TRUE,28,TRUE,4.461937424
DT-RP001,DT-RP001-RA-001,TRUE,25,31,0,0.451904366,0.091704983,1.822138759,6,10-04-2023 14:25,TRUE,25,TRUE,4.091178832
DT-RP002,DT-RP002-RA-002,FALSE,27,0,16,0.036989091,0.033069486,0.655319524,0,18-07-2023 08:47,FALSE,18,FALSE,0.976690084
DT-RP003,DT-RP003-RA-003,TRUE,0,31,1,0.327540012,0.083437837,1.017780823,7,26-02-2023 19:13,TRUE,26,TRUE,4.373995324
DT-RP004,DT-RP004-RA-004,FALSE,30,5,14,0.055943033,0.014007505,0.472827135,1,05-09-2023 11:56,FALSE,16,FALSE,2.362867519
DT-RP005,DT-RP005-RA-005,TRUE,4,40,0,0.790099876,0.092032382,1.307891715,7,14-05-2023 16:30,TRUE,23,TRUE,4.111816494
DT-RP006,DT-RP006-RA-006,FALSE,26,1,17,0.0592677,0.001731262,0.223383315,1,22-08-2023 07:14,FALSE,19,FALSE,3.699784888
DT-RP007,DT-RP007-RA-007,TRUE,11,37,0,0.781292513,0.091226999,1.877828474,6,11-01-2023 22:09,TRUE,25,TRUE,4.362563687
DT-RP008,DT-RP008-RA-008,FALSE,28,4,18,0.030377171,0.028288993,0.639435272,1,29-06-2023 10:03,FALSE,10,FALSE,2.243482297
DT-RP009,DT-RP009-RA-009,TRUE,9,23,0,0.506419678,0.099662202,1.804037971,10,07-03-2023 13:40,TRUE,28,TRUE,4.263643512
DT-RP010,DT-RP010-RA-010,FALSE,28,20,13,0.053943954,0.044334614,0.278065691,0,19-10-2023 05:28,FALSE,19,FALSE,1.302380996
DT-RP001,DT-RP001-RA-001,TRUE,8,25,1,0.504043839,0.084708793,1.678209585,8,10-04-2023 14:25,TRUE,20,TRUE,4.368143918
DT-RP002,DT-RP002-RA-002,FALSE,27,14,17,0.059159761,0.014535381,0.467018759,1,18-07-2023 08:47,FALSE,8,FALSE,3.269112308
DT-RP003,DT-RP003-RA-003,TRUE,6,33,1,0.273706227,0.095625148,1.557090723,7,26-02-2023 19:13,TRUE,20,TRUE,4.12770926
DT-RP004,DT-RP004-RA-004,FALSE,28,9,17,7.94E-05,0.006204027,0.614235099,1,05-09-2023 11:56,FALSE,19,FALSE,2.738121227
DT-RP005,DT-RP005-RA-005,TRUE,16,29,0,0.640511837,0.097995962,1.011575251,5,14-05-2023 16:30,TRUE,26,TRUE,4.02880502
DT-RP006,DT-RP006-RA-006,FALSE,28,16,19,0.045980061,0.062417975,0.870478426,0,22-08-2023 07:14,FALSE,17,FALSE,2.79120247
DT-RP007,DT-RP007-RA-007,TRUE,20,23,0,0.622336227,0.089683904,1.148536739,6,04-10-2023 05:29,TRUE,29,TRUE,4.175112843
DT-RP008,DT-RP008-RA-008,FALSE,27,9,1,0.098954177,0.034473506,0.385756107,0,29-06-2023 10:03,FALSE,1,FALSE,0.529613133
DT-RP009,DT-RP009-RA-009,TRUE,0,35,0,0.216513032,0.091128774,1.862180184,8,07-03-2023 13:40,TRUE,24,TRUE,4.291137735
DT-RP010,DT-RP010-RA-010,FALSE,26,19,8,0.05436633,0.060794663,0.983285708,0,19-10-2023 05:28,FALSE,18,FALSE,0.515120768
DT-RP001,DT-RP001-RA-001,TRUE,9,39,1,0.549233196,0.093157354,1.85396833,3,10-04-2023 14:25,TRUE,29,TRUE,4.440019154
DT-RP002,DT-RP002-RA-002,FALSE,26,4,9,0.059324738,0.018632465,0.058060441,1,18-07-2023 08:47,FALSE,0,FALSE,0.056156998
DT-RP003,DT-RP003-RA-003,TRUE,3,32,1,0.316368683,0.084970491,1.868356311,6,26-02-2023 19:13,TRUE,24,TRUE,4.17038862
DT-RP004,DT-RP004-RA-004,FALSE,30,9,15,0.044240787,0.064856247,0.410150008,1,05-09-2023 11:56,FALSE,0,FALSE,2.365963772
DT-RP005,DT-RP005-RA-005,TRUE,0,37,1,0.57191964,0.083447719,1.744652758,8,14-05-2023 16:30,TRUE,23,TRUE,4.044992697
DT-RP006,DT-RP006-RA-006,FALSE,27,8,11,0.070359197,0.02329612,0.730747105,1,22-08-2023 07:14,FALSE,3,FALSE,2.55759707
DT-RP007,DT-RP007-RA-007,TRUE,21,40,1,0.617611285,0.083819895,1.284001585,6,04-10-2023 05:29,TRUE,24,TRUE,4.322359388
DT-RP008,DT-RP008-RA-008,FALSE,29,1,3,0.077513954,0.041173262,0.721270006,1,29-06-2023 10:03,FALSE,10,FALSE,0.12848053
DT-RP009,DT-RP009-RA-009,TRUE,0,35,1,0.430436882,0.099246113,1.993515682,4,07-03-2023 13:40,TRUE,22,TRUE,4.006326868
DT-RP010,DT-RP010-RA-010,FALSE,30,18,0,0.068617325,0.068279204,0.092652437,0,19-10-2023 05:28,FALSE,19,FALSE,0.504270033
DT-RP001,DT-RP001-RA-001,TRUE,1,36,0,0.553481378,0.081002959,1.923294266,10,10-04-2023 14:25,TRUE,24,TRUE,4.413694179
DT-RP002,DT-RP002-RA-002,FALSE,29,4,20,0.02292779,0.018172244,0.617005044,0,18-07-2023 08:47,FALSE,9,FALSE,2.926131496
DT-RP003,DT-RP003-RA-003,TRUE,5,37,0,0.483973683,0.090141766,1.751081752,8,26-02-2023 19:13,TRUE,26,TRUE,4.215285913
DT-RP004,DT-RP004-RA-004,FALSE,30,5,12,0.056244332,0.047371596,0.405005635,1,05-09-2023 11:56,FALSE,12,FALSE,2.710016586
DT-RP005,DT-RP005-RA-005,TRUE,8,26,0,0.388578141,0.081107849,1.817343042,9,14-05-2023 16:30,TRUE,29,TRUE,4.125665109
DT-RP006,DT-RP006-RA-006,FALSE,26,15,1,0.058355262,0.009670958,0.023987319,1,22-08-2023 07:14,FALSE,1,FALSE,1.584480745
DT-RP007,DT-RP007-RA-007,TRUE,11,24,1,0.285320915,0.095845626,1.344373083,7,11-01-2023 22:09,TRUE,26,TRUE,4.279901237
DT-RP008,DT-RP008-RA-008,FALSE,29,20,15,0.029319125,0.064932401,0.639956784,1,29-06-2023 10:03,FALSE,0,FALSE,3.295605846
DT-RP009,DT-RP009-RA-009,TRUE,20,30,1,0.538304479,0.083691457,1.139892321,5,07-03-2023 13:40,TRUE,28,TRUE,4.257299462
DT-RP010,DT-RP010-RA-010,FALSE,30,4,5,0.091710694,0.02822134,0.22650473,0,19-10-2023 05:28,FALSE,3,FALSE,1.589562413
DT-RP001,DT-RP001-RA-001,TRUE,6,36,1,0.287927579,0.096608841,1.704563444,8,10-04-2023 14:25,TRUE,20,TRUE,4.182916864
DT-RP002,DT-RP002-RA-002,FALSE,28,12,5,0.002349945,0.039244322,0.555595924,0,18-07-2023 08:47,FALSE,5,FALSE,0.296683465
DT-RP003,DT-RP003-RA-003,TRUE,24,28,0,0.441765881,0.090044129,1.820521969,9,26-02-2023 19:13,TRUE,29,TRUE,4.444901872
DT-RP004,DT-RP004-RA-004,FALSE,29,2,11,0.079078959,0.002572766,0.00437847,1,05-09-2023 11:56,FALSE,5,FALSE,3.62471778
DT-RP005,DT-RP005-RA-005,TRUE,24,33,0,0.459574872,0.08783697,1.606396395,3,14-05-2023 16:30,TRUE,27,TRUE,4.449953518
DT-RP006,DT-RP006-RA-006,FALSE,29,0,5,0.073870221,0.051109566,0.077995019,1,22-08-2023 07:14,FALSE,19,FALSE,3.534107306
DT-RP007,DT-RP007-RA-007,TRUE,7,33,1,0.237118091,0.089296772,1.134899585,6,11-01-2023 22:09,TRUE,29,TRUE,4.440232637
DT-RP008,DT-RP008-RA-008,FALSE,26,17,16,0.040326668,0.045701288,0.733502358,1,29-06-2023 10:03,FALSE,17,FALSE,3.688199425
DT-RP009,DT-RP009-RA-009,TRUE,17,21,0,0.544483473,0.088514629,1.435186785,2,07-03-2023 13:40,TRUE,30,TRUE,4.465445007
DT-RP010,DT-RP010-RA-010,FALSE,29,2,18,0.035265141,0.012464392,0.154815309,0,19-10-2023 05:28,FALSE,3,FALSE,3.110576427
DT-RP001,DT-RP001-RA-001,TRUE,23,28,0,0.618387616,0.081861953,1.800252167,10,10-04-2023 14:25,TRUE,28,TRUE,4.243770405
DT-RP002,DT-RP002-RA-002,FALSE,28,1,0,0.099259067,0.014491059,0.599102289,0,18-07-2023 08:47,FALSE,8,FALSE,0.907134333
DT-RP003,DT-RP003-RA-003,TRUE,25,36,0,0.382781628,0.081970761,1.539712026,4,26-02-2023 19:13,TRUE,22,TRUE,4.208786406
DT-RP004,DT-RP004-RA-004,FALSE,28,17,18,0.026742564,0.06672475,0.771013461,1,05-09-2023 11:56,FALSE,17,FALSE,1.294006138
DT-RP005,DT-RP005-RA-005,TRUE,16,40,0,0.490693567,0.086609354,1.834274028,10,14-05-2023 16:30,TRUE,21,TRUE,4.246362077
DT-RP006,DT-RP006-RA-006,FALSE,26,18,5,0.00882352,0.039884607,0.433085541,1,22-08-2023 07:14,FALSE,14,FALSE,1.361377584
DT-RP007,DT-RP007-RA-007,TRUE,11,36,0,0.405632267,0.087278749,1.519921596,8,04-10-2023 05:29,TRUE,29,TRUE,4.349406621
DT-RP008,DT-RP008-RA-008,FALSE,30,18,1,0.035476486,0.05255341,0.589021303,0,29-06-2023 10:03,FALSE,19,FALSE,0.906325767
DT-RP009,DT-RP009-RA-009,TRUE,23,34,1,0.478154873,0.093250351,1.275993879,7,07-03-2023 13:40,TRUE,23,TRUE,4.13622615
DT-RP010,DT-RP010-RA-010,FALSE,27,13,7,0.069334663,0.003888107,0.725912392,0,19-10-2023 05:28,FALSE,4,FALSE,3.312418188
DT-RP001,DT-RP001-RA-001,TRUE,22,22,1,0.22255476,0.094631544,1.982763568,9,10-04-2023 14:25,TRUE,26,TRUE,4.014378419
DT-RP002,DT-RP002-RA-002,FALSE,27,9,3,0.083789693,0.030530678,0.247243463,1,18-07-2023 08:47,FALSE,13,FALSE,3.568799154
DT-RP003,DT-RP003-RA-003,TRUE,14,36,0,0.536522394,0.086060112,1.641670611,7,26-02-2023 19:13,TRUE,30,TRUE,4.242188943
DT-RP004,DT-RP004-RA-004,FALSE,30,14,4,0.067960853,0.002673779,0.037855883,1,05-09-2023 11:56,FALSE,15,FALSE,0.251719186
DT-RP005,DT-RP005-RA-005,TRUE,11,34,1,0.610434593,0.093823825,1.546349424,4,14-05-2023 16:30,TRUE,20,TRUE,4.027621774
DT-RP006,DT-RP006-RA-006,FALSE,29,18,3,0.034850963,0.03152811,0.528731853,1,22-08-2023 07:14,FALSE,7,FALSE,2.750550185
DT-RP007,DT-RP007-RA-007,TRUE,25,37,1,0.317728838,0.082205988,1.547898652,2,04-10-2023 05:29,TRUE,27,TRUE,4.171933223
DT-RP008,DT-RP008-RA-008,FALSE,29,6,5,0.04130951,0.02311422,0.573770747,0,29-06-2023 10:03,FALSE,9,FALSE,1.911092717
DT-RP009,DT-RP009-RA-009,TRUE,5,27,1,0.486336275,0.083820396,1.043104765,8,07-03-2023 13:40,TRUE,20,TRUE,4.463505547
DT-RP010,DT-RP010-RA-010,FALSE,30,10,3,0.058059765,0.002018386,0.568416267,1,19-10-2023 05:28,FALSE,4,FALSE,2.167239423
DT-RP001,DT-RP001-RA-001,TRUE,18,27,1,0.531854694,0.094683135,1.498220143,3,10-04-2023 14:25,TRUE,25,TRUE,4.233844428
DT-RP002,DT-RP002-RA-002,FALSE,30,18,17,0.098732789,0.004082442,0.321980442,1,18-07-2023 08:47,FALSE,9,FALSE,0.50192517
DT-RP003,DT-RP003-RA-003,TRUE,24,37,0,0.749290825,0.088987782,1.744730691,2,26-02-2023 19:13,TRUE,27,TRUE,4.168887801
DT-RP004,DT-RP004-RA-004,FALSE,30,14,3,0.028744702,0.000116475,0.452553164,0,05-09-2023 11:56,FALSE,19,FALSE,3.108803648
DT-RP005,DT-RP005-RA-005,TRUE,25,31,1,0.248851939,0.098064471,1.332179913,2,14-05-2023 16:30,TRUE,22,TRUE,4.218127708
DT-RP006,DT-RP006-RA-006,FALSE,28,8,15,0.074828709,0.038697815,0.481276519,0,22-08-2023 07:14,FALSE,2,FALSE,3.3405187
DT-RP007,DT-RP007-RA-007,TRUE,9,23,1,0.539419025,0.088003159,1.599872028,2,11-01-2023 22:09,TRUE,22,TRUE,4.123845862
DT-RP008,DT-RP008-RA-008,FALSE,29,3,10,0.002215197,0.002473379,0.989282589,1,29-06-2023 10:03,FALSE,7,FALSE,1.182643597
DT-RP009,DT-RP009-RA-009,TRUE,2,37,1,0.600257356,0.081813499,1.335433426,4,07-03-2023 13:40,TRUE,24,TRUE,4.10526218
DT-RP010,DT-RP010-RA-010,FALSE,26,13,14,0.03335484,0.020856206,0.168590283,0,19-10-2023 05:28,FALSE,12,FALSE,0.1402351
DT-RP001,DT-RP001-RA-001,TRUE,7,26,1,0.712339081,0.086418575,1.014445316,8,10-04-2023 14:25,TRUE,26,TRUE,4.134796246
DT-RP002,DT-RP002-RA-002,FALSE,27,4,0,0.029418691,0.00109357,0.977842658,0,18-07-2023 08:47,FALSE,3,FALSE,3.530281862
DT-RP003,DT-RP003-RA-003,TRUE,7,24,1,0.376190572,0.086455118,1.818534615,6,26-02-2023 19:13,TRUE,22,TRUE,4.377056683
DT-RP004,DT-RP004-RA-004,FALSE,27,17,17,0.042458096,0.035527907,0.466757105,0,05-09-2023 11:56,FALSE,13,FALSE,3.435188016
DT-RP005,DT-RP005-RA-005,TRUE,17,29,1,0.306905726,0.080175321,1.509969265,4,14-05-2023 16:30,TRUE,21,TRUE,4.05802184
DT-RP006,DT-RP006-RA-006,FALSE,27,12,9,0.01556549,0.027059403,0.331202529,0,22-08-2023 07:14,FALSE,8,FALSE,2.848642225
DT-RP007,DT-RP007-RA-007,TRUE,21,33,1,0.337593363,0.083003953,1.066694445,10,04-10-2023 05:29,TRUE,25,TRUE,4.317965929
DT-RP008,DT-RP008-RA-008,FALSE,29,19,9,0.010151064,0.051078509,0.593066099,0,29-06-2023 10:03,FALSE,6,FALSE,0.728364868
DT-RP009,DT-RP009-RA-009,TRUE,18,34,0,0.497468679,0.096500068,1.81648708,2,07-03-2023 13:40,TRUE,24,TRUE,4.077407465
DT-RP010,DT-RP010-RA-010,FALSE,29,15,9,0.03522035,0.035004892,0.642888951,1,19-10-2023 05:28,FALSE,5,FALSE,1.841738667
DT-RP001,DT-RP001-RA-001,TRUE,22,30,0,0.480908379,0.085560823,1.966263451,8,10-04-2023 14:25,TRUE,25,TRUE,4.369943065
DT-RP002,DT-RP002-RA-002,FALSE,29,19,15,0.012467169,0.028640005,0.267936061,1,18-07-2023 08:47,FALSE,4,FALSE,1.041257169
DT-RP003,DT-RP003-RA-003,TRUE,20,32,1,0.445922262,0.080491093,1.400645629,3,26-02-2023 19:13,TRUE,20,TRUE,4.064713607
DT-RP004,DT-RP004-RA-004,FALSE,28,6,15,0.018616026,0.012647046,0.615337782,0,05-09-2023 11:56,FALSE,16,FALSE,0.424285497
DT-RP005,DT-RP005-RA-005,TRUE,24,35,1,0.302321522,0.090707501,1.249662582,5,14-05-2023 16:30,TRUE,24,TRUE,4.265938447
DT-RP006,DT-RP006-RA-006,FALSE,26,18,13,0.082801457,0.009179594,0.224391105,1,22-08-2023 07:14,FALSE,10,FALSE,3.28735251
DT-RP007,DT-RP007-RA-007,TRUE,13,30,0,0.70222399,0.086286779,1.091198081,8,04-10-2023 05:29,TRUE,25,TRUE,4.115762504
DT-RP008,DT-RP008-RA-008,FALSE,29,6,2,0.071181487,0.017817973,0.431669395,1,29-06-2023 10:03,FALSE,15,FALSE,0.175685561
DT-RP009,DT-RP009-RA-009,TRUE,17,31,1,0.381931926,0.093072236,1.137888177,3,07-03-2023 13:40,TRUE,30,TRUE,4.219417653
DT-RP010,DT-RP010-RA-010,FALSE,27,17,15,0.006877335,0.062364508,0.083087068,1,19-10-2023 05:28,FALSE,1,FALSE,3.899293326
DT-RP001,DT-RP001-RA-001,FALSE,55,69,77,4.085844227,0.74731393,0.775053325,14,10-04-2023 14:25,FALSE,32,FALSE,7.628850853
DT-RP002,DT-RP002-RA-002,TRUE,17,27,12,0.534304295,0.091501899,1.830865473,5,18-07-2023 08:47,TRUE,27,TRUE,4.211877632
DT-RP003,DT-RP003-RA-003,FALSE,61,87,73,2.464910156,0.176423781,1.166830398,17,26-02-2023 19:13,FALSE,32,FALSE,5.641430339
DT-RP004,DT-RP004-RA-004,TRUE,17,34,15,0.741764319,0.092936258,1.858272603,6,05-09-2023 11:56,TRUE,23,TRUE,4.161517412
DT-RP005,DT-RP005-RA-005,FALSE,37,96,23,2.66097312,0.983709729,1.063767952,19,14-05-2023 16:30,FALSE,39,FALSE,6.610128267
DT-RP006,DT-RP006-RA-006,TRUE,8,21,10,0.212317115,0.093861092,1.871273368,7,22-08-2023 07:14,TRUE,20,TRUE,4.38120617
DT-RP007,DT-RP007-RA-007,FALSE,79,77,91,3.337368946,0.837101901,0.429698051,17,11-01-2023 22:09,FALSE,41,FALSE,7.494836306
DT-RP008,DT-RP008-RA-008,TRUE,14,27,14,0.32855091,0.086661995,1.811929611,3,29-06-2023 10:03,TRUE,21,TRUE,4.293421567
DT-RP009,DT-RP009-RA-009,FALSE,48,99,45,2.1771563,1.54493599,1.357947829,19,07-03-2023 13:40,FALSE,35,FALSE,5.945608291
DT-RP010,DT-RP010-RA-010,TRUE,7,30,19,0.780776638,0.097312669,1.634489053,8,19-10-2023 05:28,TRUE,25,TRUE,4.491188331
DT-RP001,DT-RP001-RA-001,FALSE,57,54,47,3.368108228,1.121430525,1.99295916,12,10-04-2023 14:25,FALSE,31,FALSE,6.90326086
DT-RP002,DT-RP002-RA-002,TRUE,7,28,20,0.766574758,0.095397926,1.456482627,3,18-07-2023 08:47,TRUE,27,TRUE,4.478709919
DT-RP003,DT-RP003-RA-003,FALSE,77,55,80,3.129003672,1.057979277,1.07759285,15,26-02-2023 19:13,FALSE,39,FALSE,4.70612352
DT-RP004,DT-RP004-RA-004,TRUE,24,31,6,0.757951068,0.096675369,1.160249056,10,05-09-2023 11:56,TRUE,29,TRUE,4.162620117
DT-RP005,DT-RP005-RA-005,FALSE,72,76,92,1.214439638,0.551421256,0.61582739,17,14-05-2023 16:30,FALSE,45,FALSE,4.797887724
DT-RP006,DT-RP006-RA-006,TRUE,2,32,7,0.500410673,0.084530759,1.338283206,9,22-08-2023 07:14,TRUE,25,TRUE,4.112538973
DT-RP007,DT-RP007-RA-007,FALSE,66,83,30,1.332298168,1.7513588,0.738798289,16,04-10-2023 05:29,FALSE,44,FALSE,5.314174114
DT-RP008,DT-RP008-RA-008,TRUE,10,33,3,0.636207204,0.099884908,1.767615865,4,29-06-2023 10:03,TRUE,26,TRUE,4.333228707
DT-RP009,DT-RP009-RA-009,FALSE,33,100,67,1.34997351,0.637994204,1.422367928,11,07-03-2023 13:40,FALSE,34,FALSE,7.218924359
DT-RP010,DT-RP010-RA-010,TRUE,3,35,16,0.262034115,0.096730517,1.29566165,4,19-10-2023 05:28,TRUE,22,TRUE,4.234645716
DT-RP001,DT-RP001-RA-001,FALSE,78,100,44,2.151467384,0.994582885,1.508057073,11,10-04-2023 14:25,FALSE,41,FALSE,7.49500014
DT-RP002,DT-RP002-RA-002,TRUE,23,34,4,0.685275456,0.086037439,1.619555967,5,18-07-2023 08:47,TRUE,25,TRUE,4.087862093
DT-RP003,DT-RP003-RA-003,FALSE,64,99,82,3.060632661,1.2487422,1.575245354,19,26-02-2023 19:13,FALSE,32,FALSE,5.919255168
DT-RP004,DT-RP004-RA-004,TRUE,13,23,3,0.226706923,0.085070285,1.326298425,9,05-09-2023 11:56,TRUE,20,TRUE,4.314268189
DT-RP005,DT-RP005-RA-005,FALSE,46,91,57,4.176166215,0.664506123,1.548530392,20,14-05-2023 16:30,FALSE,35,FALSE,6.938578048
DT-RP006,DT-RP006-RA-006,TRUE,24,40,13,0.75332606,0.093362528,1.272319042,3,22-08-2023 07:14,TRUE,22,TRUE,4.29394641
DT-RP007,DT-RP007-RA-007,FALSE,70,52,40,1.924570069,1.474648092,0.491662818,16,04-10-2023 05:29,FALSE,41,FALSE,6.567928391
DT-RP008,DT-RP008-RA-008,TRUE,24,35,8,0.303963592,0.08810734,1.237702814,6,29-06-2023 10:03,TRUE,28,TRUE,4.236729555
DT-RP009,DT-RP009-RA-009,FALSE,72,67,71,4.635038476,1.296096874,0.755644187,13,07-03-2023 13:40,FALSE,39,FALSE,5.593184595
DT-RP010,DT-RP010-RA-010,TRUE,19,34,4,0.763125609,0.087136157,1.282837199,2,19-10-2023 05:28,TRUE,28,TRUE,4.144050567
DT-RP001,DT-RP001-RA-001,FALSE,87,62,29,4.018989243,0.555874065,0.761736879,11,10-04-2023 14:25,FALSE,42,FALSE,5.464051593
DT-RP002,DT-RP002-RA-002,TRUE,24,32,7,0.779167985,0.098530525,1.300651153,6,18-07-2023 08:47,TRUE,26,TRUE,4.464489607
DT-RP003,DT-RP003-RA-003,FALSE,45,50,62,4.341349419,1.282413318,1.343796357,19,26-02-2023 19:13,FALSE,31,FALSE,4.970495498
DT-RP004,DT-RP004-RA-004,TRUE,25,37,17,0.755188342,0.090195915,1.821876279,6,05-09-2023 11:56,TRUE,27,TRUE,4.106207623
DT-RP005,DT-RP005-RA-005,FALSE,41,44,45,4.110670221,1.545009481,0.803216715,16,14-05-2023 16:30,FALSE,33,FALSE,4.864886112
DT-RP006,DT-RP006-RA-006,TRUE,21,24,15,0.620767249,0.084916002,1.43573462,6,22-08-2023 07:14,TRUE,23,TRUE,4.045305924
DT-RP007,DT-RP007-RA-007,FALSE,67,55,26,3.762306678,0.335382554,0.7792717,16,11-01-2023 22:09,FALSE,36,FALSE,4.606614535
DT-RP008,DT-RP008-RA-008,TRUE,12,28,12,0.585505274,0.091903256,1.661096424,3,29-06-2023 10:03,TRUE,26,TRUE,4.078045798
DT-RP009,DT-RP009-RA-009,FALSE,53,82,98,4.040222281,0.445323574,1.398386237,11,07-03-2023 13:40,FALSE,31,FALSE,7.242052966
DT-RP010,DT-RP010-RA-010,TRUE,20,32,19,0.7687149,0.098796943,1.258771027,8,19-10-2023 05:28,TRUE,26,TRUE,4.384500272
DT-RP001,DT-RP001-RA-001,FALSE,40,95,65,3.568068054,1.362451463,0.889470498,11,10-04-2023 14:25,FALSE,37,FALSE,6.156847366
DT-RP002,DT-RP002-RA-002,TRUE,13,28,17,0.439537601,0.083661619,1.062412653,4,18-07-2023 08:47,TRUE,30,TRUE,4.457533126
DT-RP003,DT-RP003-RA-003,FALSE,100,54,49,3.526798446,0.559977559,1.244500431,11,26-02-2023 19:13,FALSE,40,FALSE,6.415965553
DT-RP004,DT-RP004-RA-004,TRUE,2,33,12,0.668314446,0.09976591,1.113544286,2,05-09-2023 11:56,TRUE,23,TRUE,4.0978917
DT-RP005,DT-RP005-RA-005,FALSE,40,74,96,4.872957679,1.56148542,0.518616719,20,14-05-2023 16:30,FALSE,40,FALSE,7.566682821
DT-RP006,DT-RP006-RA-006,TRUE,0,39,4,0.201893143,0.083607106,1.346870626,5,22-08-2023 07:14,TRUE,25,TRUE,4.174074788
DT-RP007,DT-RP007-RA-007,FALSE,60,60,82,1.884150362,1.149323693,0.828321477,14,04-10-2023 05:29,FALSE,44,FALSE,4.966187497
DT-RP008,DT-RP008-RA-008,TRUE,15,29,11,0.429138437,0.081478774,1.127550021,8,29-06-2023 10:03,TRUE,25,TRUE,4.364706324
DT-RP009,DT-RP009-RA-009,FALSE,60,99,75,4.627087821,1.528330502,0.62437032,14,07-03-2023 13:40,FALSE,44,FALSE,7.165031346
DT-RP010,DT-RP010-RA-010,TRUE,3,23,13,0.563567918,0.092630653,1.270974905,6,19-10-2023 05:28,TRUE,27,TRUE,4.492914615
DT-RP001,DT-RP001-RA-001,FALSE,79,85,66,1.463941359,1.198947352,0.115181582,18,10-04-2023 14:25,FALSE,34,FALSE,7.277478306
DT-RP002,DT-RP002-RA-002,TRUE,5,35,15,0.364832216,0.092198157,1.049816163,7,18-07-2023 08:47,TRUE,20,TRUE,4.473078329
DT-RP003,DT-RP003-RA-003,FALSE,84,98,80,2.103171326,1.739161583,0.418322623,13,26-02-2023 19:13,FALSE,41,FALSE,5.970779989
DT-RP004,DT-RP004-RA-004,TRUE,14,26,11,0.220451287,0.083421207,1.227113318,4,05-09-2023 11:56,TRUE,21,TRUE,4.37594245
DT-RP005,DT-RP005-RA-005,FALSE,44,47,65,1.191946891,0.932871734,1.925030825,16,14-05-2023 16:30,FALSE,42,FALSE,5.656043797
DT-RP006,DT-RP006-RA-006,TRUE,23,22,4,0.394438419,0.089996439,1.651588902,10,22-08-2023 07:14,TRUE,20,TRUE,4.409640178
DT-RP007,DT-RP007-RA-007,FALSE,88,49,36,4.668358106,0.156467674,1.879709653,14,04-10-2023 05:29,FALSE,41,FALSE,6.520547815
DT-RP008,DT-RP008-RA-008,TRUE,9,23,12,0.58914248,0.081064147,1.00601303,3,29-06-2023 10:03,TRUE,25,TRUE,4.212673242
DT-RP009,DT-RP009-RA-009,FALSE,88,96,64,2.10957579,0.847935107,1.433636479,19,07-03-2023 13:40,FALSE,45,FALSE,4.845740623
DT-RP010,DT-RP010-RA-010,TRUE,6,33,17,0.255612965,0.088263897,1.387786342,7,19-10-2023 05:28,TRUE,23,TRUE,4.388003828
DT-RP001,DT-RP001-RA-001,FALSE,60,82,51,4.171068937,0.543903784,0.341663099,16,10-04-2023 14:25,FALSE,35,FALSE,6.673691009
DT-RP002,DT-RP002-RA-002,TRUE,21,30,2,0.590915759,0.086395873,1.578200412,9,18-07-2023 08:47,TRUE,28,TRUE,4.237388845
DT-RP003,DT-RP003-RA-003,FALSE,70,96,63,4.122923644,0.647622389,1.747202235,14,26-02-2023 19:13,FALSE,41,FALSE,5.120642254
DT-RP004,DT-RP004-RA-004,TRUE,4,40,20,0.337330278,0.092004399,1.657207637,9,05-09-2023 11:56,TRUE,21,TRUE,4.167577725
DT-RP005,DT-RP005-RA-005,FALSE,51,55,54,4.103295982,1.963899293,0.921649925,17,14-05-2023 16:30,FALSE,33,FALSE,5.506856896
DT-RP006,DT-RP006-RA-006,TRUE,18,26,11,0.328482549,0.084477822,1.209707058,9,22-08-2023 07:14,TRUE,23,TRUE,4.187611902
DT-RP007,DT-RP007-RA-007,FALSE,90,47,52,3.217852403,1.644328532,0.463502328,11,11-01-2023 22:09,FALSE,41,FALSE,4.653278462
DT-RP008,DT-RP008-RA-008,TRUE,23,32,2,0.769900968,0.095511004,1.848536713,6,29-06-2023 10:03,TRUE,21,TRUE,4.481099775
DT-RP009,DT-RP009-RA-009,FALSE,52,93,89,1.339227291,0.672087208,1.634766286,11,07-03-2023 13:40,FALSE,34,FALSE,6.673779694
DT-RP010,DT-RP010-RA-010,TRUE,6,33,13,0.202519169,0.091713206,1.752125981,6,19-10-2023 05:28,TRUE,22,TRUE,4.250872414
DT-RP001,DT-RP001-RA-001,FALSE,31,48,45,1.10145801,0.226714894,1.299029457,11,10-04-2023 14:25,FALSE,44,FALSE,7.719274102
DT-RP002,DT-RP002-RA-002,TRUE,20,25,2,0.447185526,0.092693587,1.921621064,7,18-07-2023 08:47,TRUE,21,TRUE,4.12464015
DT-RP003,DT-RP003-RA-003,FALSE,99,58,69,4.754420417,0.200153015,1.486004851,13,26-02-2023 19:13,FALSE,32,FALSE,6.361305869
DT-RP004,DT-RP004-RA-004,TRUE,6,31,2,0.507623991,0.091179844,1.362057356,6,05-09-2023 11:56,TRUE,21,TRUE,4.447066616
DT-RP005,DT-RP005-RA-005,FALSE,63,81,26,0.943449643,1.828001945,0.248958066,14,14-05-2023 16:30,FALSE,36,FALSE,5.430408001
DT-RP006,DT-RP006-RA-006,TRUE,12,32,16,0.560648283,0.083191594,1.294216309,8,22-08-2023 07:14,TRUE,22,TRUE,4.026875472
DT-RP007,DT-RP007-RA-007,FALSE,66,61,54,1.92909763,0.64791859,1.428403537,20,11-01-2023 22:09,FALSE,45,FALSE,6.653387851
DT-RP008,DT-RP008-RA-008,TRUE,3,22,6,0.595077555,0.087137293,1.830957466,6,29-06-2023 10:03,TRUE,21,TRUE,4.12903798
DT-RP009,DT-RP009-RA-009,FALSE,85,55,57,2.423447304,0.540592293,1.324509551,12,07-03-2023 13:40,FALSE,33,FALSE,6.393172953
DT-RP010,DT-RP010-RA-010,TRUE,20,31,20,0.450058844,0.080561873,1.382396015,10,19-10-2023 05:28,TRUE,25,TRUE,4.155162239
DT-RP001,DT-RP001-RA-001,FALSE,83,66,60,4.272667293,1.912410066,1.893308554,14,10-04-2023 14:25,FALSE,41,FALSE,7.201560526
DT-RP002,DT-RP002-RA-002,TRUE,4,26,18,0.246850054,0.08560242,1.725291448,5,18-07-2023 08:47,TRUE,26,TRUE,4.436946994
DT-RP003,DT-RP003-RA-003,FALSE,93,68,93,2.602970237,1.587100647,1.38801375,15,26-02-2023 19:13,FALSE,34,FALSE,7.300541738
DT-RP004,DT-RP004-RA-004,TRUE,4,28,18,0.754673833,0.083066118,1.946126584,4,05-09-2023 11:56,TRUE,21,TRUE,4.111084362
DT-RP005,DT-RP005-RA-005,FALSE,51,46,52,0.964570511,0.832112671,0.199491667,15,14-05-2023 16:30,FALSE,35,FALSE,6.549842903
DT-RP006,DT-RP006-RA-006,TRUE,21,30,3,0.202418091,0.099935934,1.913863685,4,22-08-2023 07:14,TRUE,25,TRUE,4.377810888
DT-RP007,DT-RP007-RA-007,FALSE,52,100,27,1.0056565,0.712791073,1.182216184,16,04-10-2023 05:29,FALSE,43,FALSE,5.473584216
DT-RP008,DT-RP008-RA-008,TRUE,3,39,18,0.466283371,0.088680158,1.986369346,5,29-06-2023 10:03,TRUE,26,TRUE,4.046621844
DT-RP009,DT-RP009-RA-009,FALSE,56,78,24,2.811055047,0.719849611,1.068141494,20,07-03-2023 13:40,FALSE,32,FALSE,7.239905147
DT-RP010,DT-RP010-RA-010,TRUE,25,27,16,0.553359903,0.083304955,1.645923952,2,19-10-2023 05:28,TRUE,27,TRUE,4.21467499
DT-RP001,DT-RP001-RA-001,FALSE,97,78,85,3.45296345,0.575140084,1.269058832,17,10-04-2023 14:25,FALSE,41,FALSE,5.58906607
DT-RP002,DT-RP002-RA-002,TRUE,4,24,2,0.228217135,0.085548073,1.897915369,7,18-07-2023 08:47,TRUE,27,TRUE,4.049422724
DT-RP003,DT-RP003-RA-003,FALSE,56,100,64,3.397246895,0.779696096,0.747567241,13,26-02-2023 19:13,FALSE,39,FALSE,7.083927502
DT-RP004,DT-RP004-RA-004,TRUE,1,37,20,0.652448646,0.088151106,1.951976514,6,05-09-2023 11:56,TRUE,21,TRUE,4.200915772
DT-RP005,DT-RP005-RA-005,FALSE,57,97,90,1.513816248,1.819516059,0.988025663,13,14-05-2023 16:30,FALSE,39,FALSE,6.153414603
DT-RP006,DT-RP006-RA-006,TRUE,0,28,5,0.796787857,0.089303874,1.726063587,9,22-08-2023 07:14,TRUE,21,TRUE,4.44597142
DT-RP007,DT-RP007-RA-007,FALSE,43,71,41,3.089757463,1.918524408,1.256598328,19,04-10-2023 05:29,FALSE,40,FALSE,5.312129444
DT-RP008,DT-RP008-RA-008,TRUE,20,33,18,0.452488729,0.085272082,1.628372582,2,29-06-2023 10:03,TRUE,22,TRUE,4.347757993
DT-RP009,DT-RP009-RA-009,FALSE,100,65,84,4.661368295,1.158319752,1.548583043,19,07-03-2023 13:40,FALSE,32,FALSE,7.273588674
DT-RP010,DT-RP010-RA-010,TRUE,12,26,8,0.482361804,0.096562681,1.767907894,2,19-10-2023 05:28,TRUE,23,TRUE,4.306064772
DT-RP001,DT-RP001-RA-001,TRUE,15,22,3,0.315391446,0.091326152,3.844142901,9,10-04-2023 14:25,TRUE,26,TRUE,4.457329502
DT-RP002,DT-RP002-RA-002,true ,69,61,41,2.49968862,0.547027529,1.555105219,15,18-07-2023 08:47,true ,41,true ,6.040663528
DT-RP003,DT-RP003-RA-003,true ,20,32,8,0.384990968,0.091967216,2.37859563,9,26-02-2023 19:13,true ,29,true ,4.017183447
DT-RP004,DT-RP004-RA-004,true ,52,64,39,1.841703921,1.37984876,0.273825093,19,05-09-2023 11:56,true ,41,true ,6.586460162
DT-RP005,DT-RP005-RA-005,true ,12,37,16,0.223405308,0.08310278,3.077866873,8,14-05-2023 16:30,true ,20,true ,4.338468897
DT-RP006,DT-RP006-RA-006,true ,80,42,40,2.266128981,1.962715735,1.022196935,11,22-08-2023 07:14,true ,43,true ,6.114412073
DT-RP007,DT-RP007-RA-007,true ,13,33,20,0.299435051,0.089387829,3.537157483,6,11-01-2023 22:09,true ,23,true ,4.369414842
DT-RP008,DT-RP008-RA-008,true ,42,92,51,3.504478306,1.245959257,1.352092892,16,29-06-2023 10:03,true ,40,true ,7.375615616
DT-RP009,DT-RP009-RA-009,true ,20,32,18,0.474874467,0.08904493,2.451450129,5,07-03-2023 13:40,true ,21,true ,4.149370224
DT-RP010,DT-RP010-RA-010,true ,81,78,67,3.672630195,0.155895095,0.149305953,20,19-10-2023 05:28,true ,36,true ,7.42080966
DT-RP001,DT-RP001-RA-001,true ,9,33,17,0.330329872,0.09236186,2.484546221,8,10-04-2023 14:25,true ,28,true ,4.037957059
DT-RP002,DT-RP002-RA-002,true ,33,57,92,2.857916831,0.572687557,1.809571531,14,18-07-2023 08:47,true ,39,true ,5.438317707
DT-RP003,DT-RP003-RA-003,true ,21,27,15,0.587050779,0.096990189,3.602905919,10,26-02-2023 19:13,true ,29,true ,4.001040329
DT-RP004,DT-RP004-RA-004,true ,82,77,50,2.818274632,1.553832238,0.32762218,13,05-09-2023 11:56,true ,34,true ,5.913434211
DT-RP005,DT-RP005-RA-005,true ,0,22,2,0.307990213,0.084108814,2.492220116,7,14-05-2023 16:30,true ,25,true ,4.188766671
DT-RP006,DT-RP006-RA-006,true ,87,100,70,2.287037117,1.099195002,0.873555572,17,22-08-2023 07:14,true ,35,true ,6.592767524
DT-RP007,DT-RP007-RA-007,true ,3,24,16,0.460460278,0.099349713,2.332767253,3,04-10-2023 05:29,true ,30,true ,4.379245144
DT-RP008,DT-RP008-RA-008,true ,65,56,43,3.875026116,1.313785784,1.677308354,16,29-06-2023 10:03,true ,39,true ,6.856192787
DT-RP009,DT-RP009-RA-009,true ,19,40,18,0.318794821,0.094550089,3.840831454,4,07-03-2023 13:40,true ,22,true ,4.177707741
DT-RP010,DT-RP010-RA-010,true ,79,53,67,2.843433567,1.836123461,0.352927253,15,19-10-2023 05:28,true ,32,true ,5.546121084
DT-RP001,DT-RP001-RA-001,true ,12,26,7,0.768978729,0.091350338,3.037331249,3,10-04-2023 14:25,true ,22,true ,4.06789172
DT-RP002,DT-RP002-RA-002,true ,72,90,64,2.959567588,0.714814338,1.54064248,18,18-07-2023 08:47,true ,43,true ,7.877924121
DT-RP003,DT-RP003-RA-003,true ,17,32,6,0.601450263,0.090092354,3.674430401,3,26-02-2023 19:13,true ,30,true ,4.166592
DT-RP004,DT-RP004-RA-004,true ,37,52,31,1.28746605,1.393314369,0.157196776,15,05-09-2023 11:56,true ,33,true ,6.929889157
DT-RP005,DT-RP005-RA-005,true ,21,21,4,0.475598005,0.085337005,3.256232402,2,14-05-2023 16:30,true ,29,true ,4.057375314
DT-RP006,DT-RP006-RA-006,true ,71,52,71,1.771184686,0.392268507,1.522328716,19,22-08-2023 07:14,true ,36,true ,7.981041356
DT-RP007,DT-RP007-RA-007,true ,17,21,5,0.553024052,0.08061226,2.544751054,3,04-10-2023 05:29,true ,21,true ,4.273500214
DT-RP008,DT-RP008-RA-008,true ,76,88,92,3.360063782,0.30227411,0.619862637,13,29-06-2023 10:03,true ,42,true ,6.385566144
DT-RP009,DT-RP009-RA-009,true ,7,36,4,0.28785454,0.082092998,2.723287046,8,07-03-2023 13:40,true ,25,true ,4.172197357
DT-RP010,DT-RP010-RA-010,true ,61,87,79,3.606355563,0.284166809,1.734809849,11,19-10-2023 05:28,true ,35,true ,7.032104277
DT-RP001,DT-RP001-RA-001,true ,13,27,13,0.318643178,0.081124895,2.908303243,3,10-04-2023 14:25,true ,20,true ,4.224121419
DT-RP002,DT-RP002-RA-002,true ,81,96,36,3.928637006,0.27294407,0.439494443,12,18-07-2023 08:47,true ,39,true ,4.637826882
DT-RP003,DT-RP003-RA-003,true ,6,33,19,0.732469379,0.094360496,3.963292363,2,26-02-2023 19:13,true ,25,true ,4.321413597
DT-RP004,DT-RP004-RA-004,true ,64,46,68,1.94712888,1.144379274,1.853883407,12,05-09-2023 11:56,true ,32,true ,6.933304594
DT-RP005,DT-RP005-RA-005,true ,19,33,11,0.661146422,0.094238244,3.152410944,10,14-05-2023 16:30,true ,23,true ,4.120845342
DT-RP006,DT-RP006-RA-006,true ,70,53,73,3.82629189,0.511379942,0.576031487,14,22-08-2023 07:14,true ,31,true ,4.978342998
DT-RP007,DT-RP007-RA-007,true ,20,33,16,0.76367064,0.098093912,3.511641419,5,11-01-2023 22:09,true ,28,true ,4.493701962
DT-RP008,DT-RP008-RA-008,true ,49,74,47,3.139547728,1.376394002,1.785638318,11,29-06-2023 10:03,true ,40,true ,5.93181396
DT-RP009,DT-RP009-RA-009,true ,24,24,17,0.316793086,0.092413623,2.847902877,4,07-03-2023 13:40,true ,26,true ,4.305395067
DT-RP010,DT-RP010-RA-010,true ,47,93,33,1.925405662,1.284382214,0.947263342,19,19-10-2023 05:28,true ,33,true ,6.762649915
DT-RP001,DT-RP001-RA-001,true ,4,37,18,0.65425756,0.091828286,2.936386901,3,10-04-2023 14:25,true ,29,true ,4.406829364
DT-RP002,DT-RP002-RA-002,true ,87,73,68,2.325472641,1.583555794,0.198387219,17,18-07-2023 08:47,true ,43,true ,7.177932775
DT-RP003,DT-RP003-RA-003,true ,10,23,20,0.521978869,0.091173852,3.309146357,4,26-02-2023 19:13,true ,29,true ,4.362964807
DT-RP004,DT-RP004-RA-004,true ,57,88,56,1.842044641,1.729076008,1.74347349,12,05-09-2023 11:56,true ,41,true ,5.305183634
DT-RP005,DT-RP005-RA-005,true ,18,39,18,0.482317304,0.092133222,2.19563931,8,14-05-2023 16:30,true ,30,true ,4.41145734
DT-RP006,DT-RP006-RA-006,true ,40,99,83,2.802863666,0.483115105,1.654994159,15,22-08-2023 07:14,true ,41,true ,6.384379641
DT-RP007,DT-RP007-RA-007,true ,16,36,18,0.357519289,0.099239425,3.326657545,3,04-10-2023 05:29,true ,21,true ,4.39109783
DT-RP008,DT-RP008-RA-008,true ,65,83,58,3.140009362,1.95401788,1.895777681,13,29-06-2023 10:03,true ,43,true ,7.746336076
DT-RP009,DT-RP009-RA-009,true ,4,35,15,0.585015102,0.085171805,3.820394119,4,07-03-2023 13:40,true ,30,true ,4.211487622
DT-RP010,DT-RP010-RA-010,true ,35,94,97,1.901018712,1.844409724,1.954861181,15,19-10-2023 05:28,true ,35,true ,7.965568092
DT-RP001,DT-RP001-RA-001,true ,1,39,10,0.244823963,0.084095955,2.695174212,2,10-04-2023 14:25,true ,21,true ,4.011744229
DT-RP002,DT-RP002-RA-002,true ,70,60,75,4.13500795,0.302385919,1.029308891,13,18-07-2023 08:47,true ,35,true ,6.588289995
DT-RP003,DT-RP003-RA-003,true ,1,27,9,0.653013392,0.084712358,2.394399236,7,26-02-2023 19:13,true ,29,true ,4.147538672
DT-RP004,DT-RP004-RA-004,true ,44,72,25,3.091961117,0.51934145,1.925217767,14,05-09-2023 11:56,true ,37,true ,6.566799034
DT-RP005,DT-RP005-RA-005,true ,4,37,15,0.444429118,0.095535418,2.841987962,4,14-05-2023 16:30,true ,27,true ,4.018073224
DT-RP006,DT-RP006-RA-006,true ,36,87,25,4.722296707,1.577449677,1.183143139,11,22-08-2023 07:14,true ,39,true ,7.370043198
DT-RP007,DT-RP007-RA-007,true ,8,28,14,0.261610992,0.09282066,2.324252555,4,04-10-2023 05:29,true ,28,true ,4.471495097
DT-RP008,DT-RP008-RA-008,true ,46,50,58,1.810759646,1.918933944,1.104974792,19,29-06-2023 10:03,true ,44,true ,6.951949587
DT-RP009,DT-RP009-RA-009,true ,24,40,17,0.243467693,0.082043257,3.74905371,2,07-03-2023 13:40,true ,25,true ,4.406448336
DT-RP010,DT-RP010-RA-010,true ,87,62,37,3.376146954,0.759779118,1.86799346,20,19-10-2023 05:28,true ,33,true ,7.510879622
DT-RP001,DT-RP001-RA-001,true ,5,28,20,0.671584717,0.084034287,3.500490302,9,10-04-2023 14:25,true ,30,true ,4.322764753
DT-RP002,DT-RP002-RA-002,true ,84,87,33,1.238565287,1.460291742,1.643172287,17,18-07-2023 08:47,true ,35,true ,7.131330036
DT-RP003,DT-RP003-RA-003,true ,21,23,4,0.539595452,0.086880015,2.772013543,3,26-02-2023 19:13,true ,30,true ,4.151223277
DT-RP004,DT-RP004-RA-004,true ,34,60,80,2.38265728,0.342046781,1.013216841,18,05-09-2023 11:56,true ,45,true ,7.738424148
DT-RP005,DT-RP005-RA-005,true ,19,23,17,0.667500059,0.09696894,2.426912559,3,14-05-2023 16:30,true ,27,true ,4.058239319
DT-RP006,DT-RP006-RA-006,true ,93,94,75,1.53747383,0.111821332,1.528642013,16,22-08-2023 07:14,true ,44,true ,7.814251285
DT-RP007,DT-RP007-RA-007,true ,9,24,5,0.295283065,0.085631423,2.668487676,9,11-01-2023 22:09,true ,20,true ,4.316156091
DT-RP008,DT-RP008-RA-008,true ,95,45,30,2.844809473,1.896624922,1.327040748,11,29-06-2023 10:03,true ,38,true ,7.508960712
DT-RP009,DT-RP009-RA-009,true ,8,39,6,0.412266164,0.095490855,2.839868574,9,07-03-2023 13:40,true ,26,true ,4.254817706
DT-RP010,DT-RP010-RA-010,true ,62,76,49,4.830157255,1.111787383,0.456134821,12,19-10-2023 05:28,true ,39,true ,5.10769049
DT-RP001,DT-RP001-RA-001,true ,11,28,9,0.677555659,0.082521674,3.698541811,7,10-04-2023 14:25,true ,25,true ,4.349207615
DT-RP002,DT-RP002-RA-002,true ,66,58,89,3.168202458,1.707014337,0.306004446,20,18-07-2023 08:47,true ,37,true ,7.504333981
DT-RP003,DT-RP003-RA-003,true ,3,28,16,0.623343725,0.086622513,2.279232666,9,26-02-2023 19:13,true ,25,true ,4.272086457
DT-RP004,DT-RP004-RA-004,true ,84,91,30,3.347275298,0.303327298,1.715030109,16,05-09-2023 11:56,true ,32,true ,4.921795153
DT-RP005,DT-RP005-RA-005,true ,22,39,8,0.474108027,0.092786442,3.441966424,2,14-05-2023 16:30,true ,25,true ,4.26967709
DT-RP006,DT-RP006-RA-006,true ,90,79,50,2.66595218,1.053959379,1.901793672,11,22-08-2023 07:14,true ,41,true ,7.997510534
DT-RP007,DT-RP007-RA-007,true ,17,32,7,0.457755759,0.096691913,2.336607686,10,04-10-2023 05:29,true ,27,true ,4.433625892
DT-RP008,DT-RP008-RA-008,true ,35,78,46,4.343568162,0.667985462,1.452037999,18,29-06-2023 10:03,true ,35,true ,7.434981667
DT-RP009,DT-RP009-RA-009,true ,4,24,14,0.246596292,0.088924733,3.168743086,2,07-03-2023 13:40,true ,26,true ,4.165373013
DT-RP010,DT-RP010-RA-010,true ,83,74,38,2.959613968,0.821384942,1.607277952,17,19-10-2023 05:28,true ,40,true ,6.822545779
DT-RP001,DT-RP001-RA-001,true ,4,32,13,0.658727949,0.085119093,3.158231803,4,10-04-2023 14:25,true ,22,true ,4.176571929
DT-RP002,DT-RP002-RA-002,true ,38,83,22,1.384856397,0.523445184,0.505334201,15,18-07-2023 08:47,true ,40,true ,5.668631767
DT-RP003,DT-RP003-RA-003,true ,23,21,15,0.651344065,0.093831866,3.043299285,9,26-02-2023 19:13,true ,23,true ,4.200513513
DT-RP004,DT-RP004-RA-004,true ,92,47,53,4.94910749,0.819192185,1.037729301,19,05-09-2023 11:56,true ,34,true ,6.565661395
DT-RP005,DT-RP005-RA-005,true ,9,24,17,0.64893018,0.098264723,3.065902579,8,14-05-2023 16:30,true ,27,true ,4.115643193
DT-RP006,DT-RP006-RA-006,true ,59,47,26,2.641373606,0.42724636,1.165605319,13,22-08-2023 07:14,true ,44,true ,7.881476044
DT-RP007,DT-RP007-RA-007,true ,0,32,16,0.477978218,0.090536219,3.571348181,4,04-10-2023 05:29,true ,28,true ,4.334225707
DT-RP008,DT-RP008-RA-008,true ,90,45,95,2.519379133,1.943492847,0.789542265,13,29-06-2023 10:03,true ,32,true ,6.100599788
DT-RP009,DT-RP009-RA-009,true ,22,30,14,0.463396061,0.083388564,3.949459901,3,07-03-2023 13:40,true ,22,true ,4.056918893
DT-RP010,DT-RP010-RA-010,true ,67,42,90,4.993133032,0.67679708,0.697024331,17,19-10-2023 05:28,true ,39,true ,5.65340813
DT-RP001,DT-RP001-RA-001,true ,15,29,6,0.694073932,0.096887897,2.206255519,4,10-04-2023 14:25,true ,28,true ,4.208435319
DT-RP002,DT-RP002-RA-002,true ,48,41,81,4.860155736,1.888980013,0.687505852,14,18-07-2023 08:47,true ,43,true ,5.953149695
DT-RP003,DT-RP003-RA-003,true ,23,27,5,0.639683713,0.08613686,2.353007529,7,26-02-2023 19:13,true ,29,true ,4.065784101
DT-RP004,DT-RP004-RA-004,true ,68,57,67,4.25241368,1.866925978,1.158332072,11,05-09-2023 11:56,true ,44,true ,5.879783592
DT-RP005,DT-RP005-RA-005,true ,17,31,19,0.68350573,0.083209502,2.597863105,8,14-05-2023 16:30,true ,21,true ,4.241109291
DT-RP006,DT-RP006-RA-006,true ,72,88,47,4.356500416,0.169319912,0.261714702,18,22-08-2023 07:14,true ,38,true ,5.715106105
DT-RP007,DT-RP007-RA-007,true ,17,37,20,0.511228226,0.089243982,2.216038114,4,11-01-2023 22:09,true ,21,true ,4.362274942
DT-RP008,DT-RP008-RA-008,true ,74,96,28,4.992115859,1.331664435,1.256370568,11,29-06-2023 10:03,true ,37,true ,7.125601845
DT-RP009,DT-RP009-RA-009,true ,9,39,8,0.380201236,0.092714399,3.127960685,10,07-03-2023 13:40,true ,24,true ,4.398231632
DT-RP010,DT-RP010-RA-010,true ,89,73,78,1.831587148,0.289086806,0.840390778,17,19-10-2023 05:28,true ,33,true ,4.74744353
DT-RP001,DT-RP001-RA-001,true ,6,39,19,0.554855717,0.089174154,1.260261785,10,10-04-2023 14:25,true ,30,true ,4.280468247
DT-RP002,DT-RP002-RA-002,true ,7,27,5,0.217248893,0.097626473,1.521271362,3,18-07-2023 08:47,true ,25,true ,4.464187151
DT-RP003,DT-RP003-RA-003,true ,1,21,11,0.242949503,0.085392254,1.290517806,4,26-02-2023 19:13,true ,22,true ,4.261432865
DT-RP004,DT-RP004-RA-004,true ,5,33,9,0.20472102,0.09153078,1.328717115,2,05-09-2023 11:56,true ,25,true ,4.096475489
DT-RP005,DT-RP005-RA-005,true ,8,39,10,0.702161761,0.097787024,1.19527602,10,14-05-2023 16:30,true ,30,true ,4.416695025
DT-RP006,DT-RP006-RA-006,true ,20,28,17,0.757495665,0.084279039,1.889444293,4,22-08-2023 07:14,true ,24,true ,4.128466005
DT-RP007,DT-RP007-RA-007,true ,6,28,4,0.217425148,0.081690959,1.53785268,2,11-01-2023 22:09,true ,20,true ,4.300633041
DT-RP008,DT-RP008-RA-008,true ,17,31,20,0.302569189,0.083244442,1.080743889,5,29-06-2023 10:03,true ,23,true ,4.188990884
DT-RP009,DT-RP009-RA-009,true ,14,24,11,0.239395447,0.095708896,1.573559581,2,07-03-2023 13:40,true ,21,true ,4.014679641
DT-RP010,DT-RP010-RA-010,true ,17,37,6,0.675126582,0.094699382,1.340960002,7,19-10-2023 05:28,true ,28,true ,4.316942023
DT-RP001,DT-RP001-RA-001,true ,16,25,12,0.615566151,0.099106151,1.597906592,9,10-04-2023 14:25,true ,24,true ,4.007144873
DT-RP002,DT-RP002-RA-002,true ,2,31,9,0.457579571,0.083521051,1.200171765,9,18-07-2023 08:47,true ,29,true ,4.167828684
DT-RP003,DT-RP003-RA-003,true ,13,36,9,0.50448272,0.097762876,1.773273321,4,26-02-2023 19:13,true ,26,true ,4.267997575
DT-RP004,DT-RP004-RA-004,true ,17,24,8,0.658580628,0.08376907,1.691368743,7,05-09-2023 11:56,true ,24,true ,4.069207568
DT-RP005,DT-RP005-RA-005,true ,6,27,10,0.479945569,0.082720933,1.330824201,3,14-05-2023 16:30,true ,25,true ,4.104339026
DT-RP006,DT-RP006-RA-006,true ,23,24,11,0.712107155,0.096878115,1.52750917,3,22-08-2023 07:14,true ,26,true ,4.24996011
DT-RP007,DT-RP007-RA-007,true ,12,38,16,0.689085257,0.085136846,1.211899238,4,04-10-2023 05:29,true ,30,true ,4.039362789
DT-RP008,DT-RP008-RA-008,true ,15,29,7,0.576128883,0.098065415,1.960506477,8,29-06-2023 10:03,true ,23,true ,4.496588927
DT-RP009,DT-RP009-RA-009,true ,11,39,20,0.456041397,0.081759102,1.323825207,4,07-03-2023 13:40,true ,24,true ,4.056329435
DT-RP010,DT-RP010-RA-010,true ,19,32,11,0.497686573,0.092166482,1.930778655,2,19-10-2023 05:28,true ,28,true ,4.172409162
DT-RP001,DT-RP001-RA-001,true ,2,31,4,0.280571253,0.082043212,1.18779341,9,10-04-2023 14:25,true ,21,true ,4.325081449
DT-RP002,DT-RP002-RA-002,true ,15,29,9,0.423121561,0.083758254,1.387000455,3,18-07-2023 08:47,true ,24,true ,4.209782651
DT-RP003,DT-RP003-RA-003,true ,9,22,2,0.500718782,0.082492593,1.998146944,7,26-02-2023 19:13,true ,30,true ,4.081889277
DT-RP004,DT-RP004-RA-004,true ,1,35,6,0.416282601,0.082777441,1.145452373,10,05-09-2023 11:56,true ,29,true ,4.341328307
DT-RP005,DT-RP005-RA-005,true ,4,40,18,0.351753894,0.083157813,1.55561931,2,14-05-2023 16:30,true ,25,true ,4.221928708
DT-RP006,DT-RP006-RA-006,true ,16,33,2,0.519742364,0.096044796,1.968250116,9,22-08-2023 07:14,true ,24,true ,4.252876362
DT-RP007,DT-RP007-RA-007,true ,5,23,2,0.288300575,0.091344239,1.790890652,5,04-10-2023 05:29,true ,23,true ,4.092437364
DT-RP008,DT-RP008-RA-008,true ,7,33,11,0.615302855,0.091938912,1.977958351,7,29-06-2023 10:03,true ,22,true ,4.069468312
DT-RP009,DT-RP009-RA-009,true ,24,40,3,0.659959749,0.099938593,1.073989901,3,07-03-2023 13:40,true ,28,true ,4.414861712
DT-RP010,DT-RP010-RA-010,true ,8,36,17,0.30072489,0.089227222,1.240681543,4,19-10-2023 05:28,true ,20,true ,4.109674706
DT-RP001,DT-RP001-RA-001,true ,12,27,19,0.491699764,0.090954047,1.956533357,9,10-04-2023 14:25,true ,22,true ,4.446999466
DT-RP002,DT-RP002-RA-002,true ,5,39,13,0.781585872,0.095121727,1.940188225,10,18-07-2023 08:47,true ,29,true ,4.237362944
DT-RP003,DT-RP003-RA-003,true ,17,34,15,0.502429287,0.084772168,1.472312008,8,26-02-2023 19:13,true ,30,true ,4.109603165
DT-RP004,DT-RP004-RA-004,true ,7,21,19,0.51451665,0.088575191,1.817347253,10,05-09-2023 11:56,true ,21,true ,4.29548995
DT-RP005,DT-RP005-RA-005,true ,3,38,8,0.367614244,0.085885498,1.979982542,2,14-05-2023 16:30,true ,29,true ,4.298420451
DT-RP006,DT-RP006-RA-006,true ,1,38,18,0.425479824,0.085751739,1.439936011,8,22-08-2023 07:14,true ,27,true ,4.130631567
DT-RP007,DT-RP007-RA-007,true ,2,34,5,0.23458549,0.098255291,1.566142104,5,11-01-2023 22:09,true ,21,true ,4.461324863
DT-RP008,DT-RP008-RA-008,true ,13,27,3,0.352912573,0.08297884,1.908036088,6,29-06-2023 10:03,true ,22,true ,4.249716368
DT-RP009,DT-RP009-RA-009,true ,25,27,4,0.641848248,0.081775798,1.841073184,8,07-03-2023 13:40,true ,26,true ,4.285553502
DT-RP010,DT-RP010-RA-010,true ,19,25,10,0.653581018,0.082666393,1.788440855,10,19-10-2023 05:28,true ,25,true ,4.287859966
DT-RP001,DT-RP001-RA-001,true ,17,38,16,0.506629966,0.088352993,1.453484567,4,10-04-2023 14:25,true ,24,true ,4.474276535
DT-RP002,DT-RP002-RA-002,true ,23,32,5,0.689791237,0.09750678,1.725481043,2,18-07-2023 08:47,true ,26,true ,4.015892367
DT-RP003,DT-RP003-RA-003,true ,7,23,6,0.756092461,0.097580711,1.51839756,7,26-02-2023 19:13,true ,22,true ,4.159052193
DT-RP004,DT-RP004-RA-004,true ,23,31,12,0.440403873,0.093842339,1.663462961,4,05-09-2023 11:56,true ,27,true ,4.413853429
DT-RP005,DT-RP005-RA-005,true ,19,28,8,0.335207321,0.085179689,1.104540211,7,14-05-2023 16:30,true ,20,true ,4.295157024
DT-RP006,DT-RP006-RA-006,true ,9,24,15,0.332687333,0.09861941,1.098504562,4,22-08-2023 07:14,true ,27,true ,4.035704572
DT-RP007,DT-RP007-RA-007,true ,8,35,7,0.228093726,0.097777352,1.630985259,4,04-10-2023 05:29,true ,23,true ,4.227134486
DT-RP008,DT-RP008-RA-008,true ,1,23,20,0.556679434,0.099116975,1.175364694,9,29-06-2023 10:03,true ,25,true ,4.061232888
DT-RP009,DT-RP009-RA-009,true ,13,39,12,0.52426153,0.09111636,1.826916263,3,07-03-2023 13:40,true ,27,true ,4.122657912
DT-RP010,DT-RP010-RA-010,true ,6,24,3,0.752043352,0.090449713,1.306316428,5,19-10-2023 05:28,true ,30,true ,4.146700975
DT-RP001,DT-RP001-RA-001,true ,2,25,4,0.409694702,0.096099255,1.659425529,7,10-04-2023 14:25,true ,20,true ,4.108410453
DT-RP002,DT-RP002-RA-002,true ,4,23,18,0.463521295,0.096358496,1.272258558,5,18-07-2023 08:47,true ,30,true ,4.080170989
DT-RP003,DT-RP003-RA-003,true ,4,38,10,0.68424902,0.091189158,1.610857716,6,26-02-2023 19:13,true ,26,true ,4.188278465
DT-RP004,DT-RP004-RA-004,true ,19,31,4,0.745652825,0.091338537,1.805091644,7,05-09-2023 11:56,true ,20,true ,4.359798489
DT-RP005,DT-RP005-RA-005,true ,16,34,4,0.638718369,0.083659836,1.119229778,6,14-05-2023 16:30,true ,24,true ,4.238336193
DT-RP006,DT-RP006-RA-006,true ,20,31,20,0.263949686,0.098425971,1.387617265,6,22-08-2023 07:14,true ,27,true ,4.100351382
DT-RP007,DT-RP007-RA-007,true ,17,22,17,0.323892385,0.08250291,1.049779233,10,04-10-2023 05:29,true ,29,true ,4.270677976
DT-RP008,DT-RP008-RA-008,true ,3,23,3,0.440654004,0.097790044,1.387286069,6,29-06-2023 10:03,true ,23,true ,4.475360059
DT-RP009,DT-RP009-RA-009,true ,21,36,4,0.69280463,0.081741247,1.711038662,4,07-03-2023 13:40,true ,28,true ,4.161486994
DT-RP010,DT-RP010-RA-010,true ,23,29,3,0.462642475,0.097279006,1.087720344,3,19-10-2023 05:28,true ,29,true ,4.067212396
DT-RP001,DT-RP001-RA-001,true ,11,35,8,0.698270293,0.0803457,1.116179208,10,10-04-2023 14:25,true ,28,true ,4.219920887
DT-RP002,DT-RP002-RA-002,true ,21,30,17,0.487470835,0.097234885,1.199188712,5,18-07-2023 08:47,true ,20,true ,4.418654848
DT-RP003,DT-RP003-RA-003,true ,7,23,19,0.425830817,0.080966527,1.761336653,6,26-02-2023 19:13,true ,30,true ,4.432425741
DT-RP004,DT-RP004-RA-004,true ,22,40,14,0.413103468,0.098380405,1.142234967,6,05-09-2023 11:56,true ,21,true ,4.219116395
DT-RP005,DT-RP005-RA-005,true ,2,24,10,0.708376022,0.09639424,1.79293165,10,14-05-2023 16:30,true ,27,true ,4.103813935
DT-RP006,DT-RP006-RA-006,true ,11,31,11,0.242313356,0.099072224,1.685654216,5,22-08-2023 07:14,true ,28,true ,4.074951895
DT-RP007,DT-RP007-RA-007,true ,5,24,18,0.730463096,0.088864852,1.81413188,8,11-01-2023 22:09,true ,26,true ,4.052565239
DT-RP008,DT-RP008-RA-008,true ,25,40,13,0.294567304,0.086563541,1.407679753,7,29-06-2023 10:03,true ,25,true ,4.130768598
DT-RP009,DT-RP009-RA-009,true ,8,29,10,0.278765549,0.084265687,1.862310542,3,07-03-2023 13:40,true ,30,true ,4.30354016
DT-RP010,DT-RP010-RA-010,true ,7,25,6,0.627245841,0.095839263,1.561624987,4,19-10-2023 05:28,true ,30,true ,4.368399587
DT-RP001,DT-RP001-RA-001,true ,14,31,9,0.551655019,0.085738717,1.076976402,7,10-04-2023 14:25,true ,24,true ,4.401566132
DT-RP002,DT-RP002-RA-002,true ,19,25,16,0.250428646,0.084139621,1.860388396,3,18-07-2023 08:47,true ,21,true ,4.231042317
DT-RP003,DT-RP003-RA-003,true ,10,24,7,0.201087105,0.094833875,1.22579479,9,26-02-2023 19:13,true ,22,true ,4.473264097
DT-RP004,DT-RP004-RA-004,true ,14,39,20,0.386033122,0.086433748,1.066510735,10,05-09-2023 11:56,true ,24,true ,4.200125309
DT-RP005,DT-RP005-RA-005,true ,13,21,5,0.371508173,0.080168004,1.046436063,10,14-05-2023 16:30,true ,27,true ,4.193617581
DT-RP006,DT-RP006-RA-006,true ,8,25,9,0.573231837,0.081625608,1.825238878,6,22-08-2023 07:14,true ,27,true ,4.356848378
DT-RP007,DT-RP007-RA-007,true ,10,36,2,0.281573123,0.084596701,1.684279793,2,04-10-2023 05:29,true ,21,true ,4.488510702
DT-RP008,DT-RP008-RA-008,true ,9,24,14,0.651964851,0.080421753,1.448044486,4,29-06-2023 10:03,true ,24,true ,4.41779714
DT-RP009,DT-RP009-RA-009,true ,2,38,11,0.76737004,0.097723424,1.479814572,9,07-03-2023 13:40,true ,29,true ,4.240177533
DT-RP010,DT-RP010-RA-010,true ,17,25,4,0.323848625,0.093710589,1.67834957,5,19-10-2023 05:28,true ,30,true ,4.370857811
DT-RP001,DT-RP001-RA-001,true ,15,35,6,0.792184334,0.087872472,1.654208721,9,10-04-2023 14:25,true ,24,true ,4.263966186
DT-RP002,DT-RP002-RA-002,true ,16,33,16,0.677612845,0.091857439,1.020912089,6,18-07-2023 08:47,true ,29,true ,4.179116818
DT-RP003,DT-RP003-RA-003,true ,18,38,3,0.355063265,0.083595069,1.749185737,4,26-02-2023 19:13,true ,29,true ,4.238629568
DT-RP004,DT-RP004-RA-004,true ,22,37,6,0.249419199,0.0903946,1.807429541,9,05-09-2023 11:56,true ,23,true ,4.149329376
DT-RP005,DT-RP005-RA-005,true ,2,21,19,0.55237114,0.095530278,1.788776189,6,14-05-2023 16:30,true ,28,true ,4.14796868
DT-RP006,DT-RP006-RA-006,true ,4,32,13,0.540270268,0.095425918,1.685742972,3,22-08-2023 07:14,true ,27,true ,4.38102377
DT-RP007,DT-RP007-RA-007,true ,1,36,6,0.625143249,0.09612697,1.257137035,8,04-10-2023 05:29,true ,26,true ,4.445164166
DT-RP008,DT-RP008-RA-008,true ,3,21,15,0.269916984,0.096722601,1.61763809,8,29-06-2023 10:03,true ,20,true ,4.008002659
DT-RP009,DT-RP009-RA-009,true ,8,21,9,0.293923885,0.08284798,1.735304388,6,07-03-2023 13:40,true ,23,true ,4.278539926
DT-RP010,DT-RP010-RA-010,true ,23,23,11,0.282957627,0.094509033,1.212165213,2,19-10-2023 05:28,true ,25,true ,4.398347313
DT-RP001,DT-RP001-RA-001,true ,1,36,6,0.706487109,0.094913434,1.890160694,3,10-04-2023 14:25,true ,29,true ,4.188762956
DT-RP002,DT-RP002-RA-002,true ,25,38,14,0.656840215,0.094475558,1.230375603,3,18-07-2023 08:47,true ,26,true ,4.383471746
DT-RP003,DT-RP003-RA-003,true ,12,35,9,0.458866664,0.094630719,1.951671023,5,26-02-2023 19:13,true ,28,true ,4.308578349
DT-RP004,DT-RP004-RA-004,true ,23,22,20,0.532201585,0.083850462,1.796616814,2,05-09-2023 11:56,true ,21,true ,4.209189049
DT-RP005,DT-RP005-RA-005,true ,10,37,15,0.650293917,0.083305663,1.913353541,8,14-05-2023 16:30,true ,21,true ,4.225949071
DT-RP006,DT-RP006-RA-006,true ,0,29,8,0.606467985,0.083617654,1.083248865,2,22-08-2023 07:14,true ,20,true ,4.476273732
DT-RP007,DT-RP007-RA-007,true ,13,33,5,0.532688615,0.084181975,1.534016086,5,11-01-2023 22:09,true ,21,true ,4.368087176
DT-RP008,DT-RP008-RA-008,true ,22,24,16,0.423208691,0.085089798,1.442591704,9,29-06-2023 10:03,true ,23,true ,4.494395236
DT-RP009,DT-RP009-RA-009,true ,4,24,15,0.568152859,0.093920937,1.423699554,8,07-03-2023 13:40,true ,22,true ,4.416959098
DT-RP010,DT-RP010-RA-010,true ,19,27,3,0.786866087,0.080160892,1.380216526,8,19-10-2023 05:28,true ,29,true ,4.274077733
DT-RP001,DT-RP001-RA-001,true ,18,29,14,0.439357602,0.083842433,1.426316357,9,10-04-2023 14:25,true ,25,true ,4.081352929
DT-RP002,DT-RP002-RA-002,true ,10,38,15,0.521547448,0.088620367,1.972794016,3,18-07-2023 08:47,true ,28,true ,4.255548052
DT-RP003,DT-RP003-RA-003,true ,7,36,18,0.576929628,0.090657315,1.202032858,3,26-02-2023 19:13,true ,29,true ,4.299269394
DT-RP004,DT-RP004-RA-004,true ,19,29,7,0.582053618,0.093957652,1.073487159,8,05-09-2023 11:56,true ,20,true ,4.47248635
DT-RP005,DT-RP005-RA-005,true ,14,22,5,0.678356877,0.091663755,1.215463126,9,14-05-2023 16:30,true ,23,true ,4.259548055
DT-RP006,DT-RP006-RA-006,true ,0,36,8,0.661710022,0.083971017,1.433907413,7,22-08-2023 07:14,true ,23,true ,4.436900256
DT-RP007,DT-RP007-RA-007,true ,14,21,12,0.437133565,0.095878217,1.422716319,9,04-10-2023 05:29,true ,20,true ,4.396503425
DT-RP008,DT-RP008-RA-008,true ,4,29,15,0.413638158,0.083926345,1.555254837,8,29-06-2023 10:03,true ,22,true ,4.230898138
DT-RP009,DT-RP009-RA-009,true ,9,40,9,0.352858072,0.090049138,1.969112905,3,07-03-2023 13:40,true ,27,true ,4.34769904
DT-RP010,DT-RP010-RA-010,true ,16,33,11,0.291753823,0.080919752,1.322503584,4,19-10-2023 05:28,true ,27,true ,4.028866116
DT-RP001,DT-RP001-RA-001,true ,12,30,7,0.514531597,0.09716012,1.617589236,9,10-04-2023 14:25,true ,22,true ,4.470726322
DT-RP002,DT-RP002-RA-002,true ,9,32,16,0.269947029,0.084324954,1.096118898,2,18-07-2023 08:47,true ,26,true ,4.094203126
DT-RP003,DT-RP003-RA-003,true ,24,34,8,0.246790103,0.099809939,1.666990479,10,26-02-2023 19:13,true ,22,true ,4.030218948
DT-RP004,DT-RP004-RA-004,true ,4,38,5,0.294521112,0.090703865,1.357824501,8,05-09-2023 11:56,true ,26,true ,4.310514724
DT-RP005,DT-RP005-RA-005,true ,22,25,16,0.475952151,0.08881659,1.496644376,9,14-05-2023 16:30,true ,29,true ,4.264441404
DT-RP006,DT-RP006-RA-006,true ,19,22,13,0.709119897,0.096156366,1.435498926,4,22-08-2023 07:14,true ,27,true ,4.009322589
DT-RP007,DT-RP007-RA-007,true ,13,34,18,0.203894788,0.088289804,1.430147016,9,04-10-2023 05:29,true ,26,true ,4.479393182
DT-RP008,DT-RP008-RA-008,true ,20,30,20,0.536697229,0.092585998,1.838075125,9,29-06-2023 10:03,true ,30,true ,4.268721776
DT-RP009,DT-RP009-RA-009,true ,0,26,11,0.624494956,0.080300909,1.478748101,2,07-03-2023 13:40,true ,21,true ,4.003362525
DT-RP010,DT-RP010-RA-010,true ,20,34,19,0.743242048,0.089435812,1.403181465,6,19-10-2023 05:28,true ,30,true ,4.496542328
